<?xml version="1.0" encoding="UTF-8"?>
<installed-tools>
  <tool tool-id="maven3_1" tool-type="maven" tool-installation-source="BUNDLED_TOOLS_AUTO_INSTALLER" tool-status="INSTALLATION_SKIPPED" skip-reason="TOOL_USAGES_NOT_FOUND" />
  <tool tool-id="maven3_2" tool-type="maven" tool-installation-source="BUNDLED_TOOLS_AUTO_INSTALLER" tool-status="INSTALLATION_SKIPPED" skip-reason="TOOL_USAGES_NOT_FOUND" />
  <tool tool-id="maven3_5" tool-type="maven" tool-installation-source="BUNDLED_TOOLS_AUTO_INSTALLER" tool-status="INSTALLATION_SKIPPED" skip-reason="TOOL_USAGES_NOT_FOUND" />
  <tool tool-id="maven3_6" tool-type="maven" tool-installation-source="BUNDLED_TOOLS_AUTO_INSTALLER" tool-status="INSTALLATION_SKIPPED" skip-reason="TOOL_USAGES_NOT_FOUND" />
  <tool tool-id="maven" tool-type="maven" tool-installation-source="BUNDLED_TOOLS_AUTO_INSTALLER" tool-status="INSTALLATION_SKIPPED" skip-reason="TOOL_USAGES_NOT_FOUND" />
  <tool tool-id="maven3" tool-type="maven" tool-installation-source="BUNDLED_TOOLS_AUTO_INSTALLER" tool-status="INSTALLATION_SKIPPED" skip-reason="TOOL_USAGES_NOT_FOUND" />
  <tool tool-id="maven3_3" tool-type="maven" tool-installation-source="BUNDLED_TOOLS_AUTO_INSTALLER" tool-status="INSTALLATION_SKIPPED" skip-reason="TOOL_USAGES_NOT_FOUND" />
  <tool tool-id="idea" tool-type="intellij" tool-installation-source="BUNDLED_TOOLS_AUTO_INSTALLER" tool-status="INSTALLATION_SCHEDULED" tool-original-id="intellij.ideaIU-2022.1.3" is-bundled="true" />
  <tool tool-id="JetBrains.dotCover.CommandLineTools.bundled" tool-type="JetBrains.dotCover.CommandLineTools" tool-installation-source="BUNDLED_TOOLS_AUTO_INSTALLER" tool-status="INSTALLATION_COMPLETED" tool-original-id="JetBrains.dotCover.CommandLineTools.2023.3.3" is-bundled="true" original-name="JetBrains.dotCover.CommandLineTools.2023.3.3.nupkg" original-length="48929776" original-last-modified="1751592605715" packed-content-hash="SHA-1dgQd6TyR0nBc+/vVKNND7t5rKXo=" />
  <tool tool-id="jetbrains.resharper-clt.bundled" tool-type="jetbrains.resharper-clt" tool-installation-source="BUNDLED_TOOLS_AUTO_INSTALLER" tool-status="INSTALLATION_IN_PROGRESS" tool-original-id="jetbrains.resharper-clt.2023.1.1" is-bundled="true" />
  <tool tool-id="maven3_9" tool-type="maven" tool-installation-source="BUNDLED_TOOLS_AUTO_INSTALLER" tool-status="INSTALLATION_COMPLETED" tool-original-id="maven.3.9.6" is-bundled="true" original-name="apache-maven-3.9.6-bin.tar.gz" original-length="9410508" original-last-modified="1751592587878" packed-content-hash="SHA-1GtCDGgim99vhc8aLbEOthVQzsJc=" />
  <tool tool-id="maven3_8" tool-type="maven" tool-installation-source="BUNDLED_TOOLS_AUTO_INSTALLER" tool-status="INSTALLATION_SKIPPED" skip-reason="TOOL_USAGES_NOT_FOUND" />
</installed-tools>

