[{"name":"AbsoluteId","description":"jetbrains.buildServer.configs.kotlin.AbsoluteId","location":"root/absolute-id/index.html","searchKeys":["AbsoluteId","jetbrains.buildServer.configs.kotlin.AbsoluteId"]},{"name":"AbstractStage","description":"jetbrains.buildServer.configs.kotlin.AbstractStage","location":"root/abstract-stage/index.html","searchKeys":["AbstractStage","jetbrains.buildServer.configs.kotlin.AbstractStage"]},{"name":"ActiveStorage","description":"jetbrains.buildServer.configs.kotlin.projectFeatures.ActiveStorage","location":"projectFeatures/active-storage/index.html","searchKeys":["ActiveStorage","jetbrains.buildServer.configs.kotlin.projectFeatures.ActiveStorage"]},{"name":"AmazonEC2CloudImage","description":"jetbrains.buildServer.configs.kotlin.AmazonEC2CloudImage","location":"root/amazon-e-c2-cloud-image/index.html","searchKeys":["AmazonEC2CloudImage","jetbrains.buildServer.configs.kotlin.AmazonEC2CloudImage"]},{"name":"AmazonEC2CloudProfile","description":"jetbrains.buildServer.configs.kotlin.AmazonEC2CloudProfile","location":"root/amazon-e-c2-cloud-profile/index.html","searchKeys":["AmazonEC2CloudProfile","jetbrains.buildServer.configs.kotlin.AmazonEC2CloudProfile"]},{"name":"AntBuildStep","description":"jetbrains.buildServer.configs.kotlin.buildSteps.AntBuildStep","location":"buildSteps/ant-build-step/index.html","searchKeys":["AntBuildStep","jetbrains.buildServer.configs.kotlin.buildSteps.AntBuildStep"]},{"name":"Approval","description":"jetbrains.buildServer.configs.kotlin.buildFeatures.Approval","location":"buildFeatures/approval/index.html","searchKeys":["Approval","jetbrains.buildServer.configs.kotlin.buildFeatures.Approval"]},{"name":"ArtifactDependency","description":"jetbrains.buildServer.configs.kotlin.ArtifactDependency","location":"root/artifact-dependency/index.html","searchKeys":["ArtifactDependency","jetbrains.buildServer.configs.kotlin.ArtifactDependency"]},{"name":"ArtifactRule","description":"jetbrains.buildServer.configs.kotlin.ArtifactRule","location":"root/artifact-rule/index.html","searchKeys":["ArtifactRule","jetbrains.buildServer.configs.kotlin.ArtifactRule"]},{"name":"AssemblyInfoPatcher","description":"jetbrains.buildServer.configs.kotlin.buildFeatures.AssemblyInfoPatcher","location":"buildFeatures/assembly-info-patcher/index.html","searchKeys":["AssemblyInfoPatcher","jetbrains.buildServer.configs.kotlin.buildFeatures.AssemblyInfoPatcher"]},{"name":"AutoMerge","description":"jetbrains.buildServer.configs.kotlin.buildFeatures.AutoMerge","location":"buildFeatures/auto-merge/index.html","searchKeys":["AutoMerge","jetbrains.buildServer.configs.kotlin.buildFeatures.AutoMerge"]},{"name":"AwsConnection","description":"jetbrains.buildServer.configs.kotlin.projectFeatures.AwsConnection","location":"projectFeatures/aws-connection/index.html","searchKeys":["AwsConnection","jetbrains.buildServer.configs.kotlin.projectFeatures.AwsConnection"]},{"name":"AzureDevOpsOAuthConnection","description":"jetbrains.buildServer.configs.kotlin.projectFeatures.AzureDevOpsOAuthConnection","location":"projectFeatures/azure-dev-ops-o-auth-connection/index.html","searchKeys":["AzureDevOpsOAuthConnection","jetbrains.buildServer.configs.kotlin.projectFeatures.AzureDevOpsOAuthConnection"]},{"name":"AzureDevopsConnection","description":"jetbrains.buildServer.configs.kotlin.projectFeatures.AzureDevopsConnection","location":"projectFeatures/azure-devops-connection/index.html","searchKeys":["AzureDevopsConnection","jetbrains.buildServer.configs.kotlin.projectFeatures.AzureDevopsConnection"]},{"name":"BaseRule","description":"jetbrains.buildServer.configs.kotlin.BaseRule","location":"root/base-rule/index.html","searchKeys":["BaseRule","jetbrains.buildServer.configs.kotlin.BaseRule"]},{"name":"BitbucketCloudConnection","description":"jetbrains.buildServer.configs.kotlin.projectFeatures.BitbucketCloudConnection","location":"projectFeatures/bitbucket-cloud-connection/index.html","searchKeys":["BitbucketCloudConnection","jetbrains.buildServer.configs.kotlin.projectFeatures.BitbucketCloudConnection"]},{"name":"BitbucketIssueTracker","description":"jetbrains.buildServer.configs.kotlin.projectFeatures.BitbucketIssueTracker","location":"projectFeatures/bitbucket-issue-tracker/index.html","searchKeys":["BitbucketIssueTracker","jetbrains.buildServer.configs.kotlin.projectFeatures.BitbucketIssueTracker"]},{"name":"BitbucketServerConnection","description":"jetbrains.buildServer.configs.kotlin.projectFeatures.BitbucketServerConnection","location":"projectFeatures/bitbucket-server-connection/index.html","searchKeys":["BitbucketServerConnection","jetbrains.buildServer.configs.kotlin.projectFeatures.BitbucketServerConnection"]},{"name":"BranchRemoteRunTrigger","description":"jetbrains.buildServer.configs.kotlin.BranchRemoteRunTrigger","location":"root/branch-remote-run-trigger/index.html","searchKeys":["BranchRemoteRunTrigger","jetbrains.buildServer.configs.kotlin.BranchRemoteRunTrigger"]},{"name":"BugzillaIssueTracker","description":"jetbrains.buildServer.configs.kotlin.projectFeatures.BugzillaIssueTracker","location":"projectFeatures/bugzilla-issue-tracker/index.html","searchKeys":["BugzillaIssueTracker","jetbrains.buildServer.configs.kotlin.projectFeatures.BugzillaIssueTracker"]},{"name":"BuildCacheFeature","description":"jetbrains.buildServer.configs.kotlin.buildFeatures.BuildCacheFeature","location":"buildFeatures/build-cache-feature/index.html","searchKeys":["BuildCacheFeature","jetbrains.buildServer.configs.kotlin.buildFeatures.BuildCacheFeature"]},{"name":"BuildFailureOnMetric","description":"jetbrains.buildServer.configs.kotlin.failureConditions.BuildFailureOnMetric","location":"failureConditions/build-failure-on-metric/index.html","searchKeys":["BuildFailureOnMetric","jetbrains.buildServer.configs.kotlin.failureConditions.BuildFailureOnMetric"]},{"name":"BuildFailureOnText","description":"jetbrains.buildServer.configs.kotlin.failureConditions.BuildFailureOnText","location":"failureConditions/build-failure-on-text/index.html","searchKeys":["BuildFailureOnText","jetbrains.buildServer.configs.kotlin.failureConditions.BuildFailureOnText"]},{"name":"BuildFeature","description":"jetbrains.buildServer.configs.kotlin.BuildFeature","location":"root/build-feature/index.html","searchKeys":["BuildFeature","jetbrains.buildServer.configs.kotlin.BuildFeature"]},{"name":"BuildFeatures","description":"jetbrains.buildServer.configs.kotlin.BuildFeatures","location":"root/build-features/index.html","searchKeys":["BuildFeatures","jetbrains.buildServer.configs.kotlin.BuildFeatures"]},{"name":"BuildReportTab","description":"jetbrains.buildServer.configs.kotlin.projectFeatures.BuildReportTab","location":"projectFeatures/build-report-tab/index.html","searchKeys":["BuildReportTab","jetbrains.buildServer.configs.kotlin.projectFeatures.BuildReportTab"]},{"name":"BuildRule","description":"jetbrains.buildServer.configs.kotlin.BuildRule","location":"root/build-rule/index.html","searchKeys":["BuildRule","jetbrains.buildServer.configs.kotlin.BuildRule"]},{"name":"BuildStep","description":"jetbrains.buildServer.configs.kotlin.BuildStep","location":"root/build-step/index.html","searchKeys":["BuildStep","jetbrains.buildServer.configs.kotlin.BuildStep"]},{"name":"BuildStepConditions","description":"jetbrains.buildServer.configs.kotlin.BuildStepConditions","location":"root/build-step-conditions/index.html","searchKeys":["BuildStepConditions","jetbrains.buildServer.configs.kotlin.BuildStepConditions"]},{"name":"BuildStepPlaceholder","description":"jetbrains.buildServer.configs.kotlin.buildSteps.BuildStepPlaceholder","location":"buildSteps/build-step-placeholder/index.html","searchKeys":["BuildStepPlaceholder","jetbrains.buildServer.configs.kotlin.buildSteps.BuildStepPlaceholder"]},{"name":"BuildSteps","description":"jetbrains.buildServer.configs.kotlin.BuildSteps","location":"root/build-steps/index.html","searchKeys":["BuildSteps","jetbrains.buildServer.configs.kotlin.BuildSteps"]},{"name":"BuildType","description":"jetbrains.buildServer.configs.kotlin.BuildType","location":"root/build-type/index.html","searchKeys":["BuildType","jetbrains.buildServer.configs.kotlin.BuildType"]},{"name":"BuildTypeChartsOrder","description":"jetbrains.buildServer.configs.kotlin.BuildTypeChartsOrder","location":"root/build-type-charts-order/index.html","searchKeys":["BuildTypeChartsOrder","jetbrains.buildServer.configs.kotlin.BuildTypeChartsOrder"]},{"name":"BuildTypeCustomChart","description":"jetbrains.buildServer.configs.kotlin.BuildTypeCustomChart","location":"root/build-type-custom-chart/index.html","searchKeys":["BuildTypeCustomChart","jetbrains.buildServer.configs.kotlin.BuildTypeCustomChart"]},{"name":"BuildTypeRefs","description":"jetbrains.buildServer.configs.kotlin.BuildTypeRefs","location":"root/build-type-refs/index.html","searchKeys":["BuildTypeRefs","jetbrains.buildServer.configs.kotlin.BuildTypeRefs"]},{"name":"BuildTypeSettings","description":"jetbrains.buildServer.configs.kotlin.BuildTypeSettings","location":"root/build-type-settings/index.html","searchKeys":["BuildTypeSettings","jetbrains.buildServer.configs.kotlin.BuildTypeSettings"]},{"name":"CSharpScriptCustomBuildStep","description":"jetbrains.buildServer.configs.kotlin.buildSteps.CSharpScriptCustomBuildStep","location":"buildSteps/c-sharp-script-custom-build-step/index.html","searchKeys":["CSharpScriptCustomBuildStep","jetbrains.buildServer.configs.kotlin.buildSteps.CSharpScriptCustomBuildStep"]},{"name":"CSharpScriptFileBuildStep","description":"jetbrains.buildServer.configs.kotlin.buildSteps.CSharpScriptFileBuildStep","location":"buildSteps/c-sharp-script-file-build-step/index.html","searchKeys":["CSharpScriptFileBuildStep","jetbrains.buildServer.configs.kotlin.buildSteps.CSharpScriptFileBuildStep"]},{"name":"ChartsOrder","description":"jetbrains.buildServer.configs.kotlin.ChartsOrder","location":"root/charts-order/index.html","searchKeys":["ChartsOrder","jetbrains.buildServer.configs.kotlin.ChartsOrder"]},{"name":"CheckoutMode","description":"jetbrains.buildServer.configs.kotlin.CheckoutMode","location":"root/checkout-mode/index.html","searchKeys":["CheckoutMode","jetbrains.buildServer.configs.kotlin.CheckoutMode"]},{"name":"Cleanup","description":"jetbrains.buildServer.configs.kotlin.Cleanup","location":"root/cleanup/index.html","searchKeys":["Cleanup","jetbrains.buildServer.configs.kotlin.Cleanup"]},{"name":"CleanupLevel","description":"jetbrains.buildServer.configs.kotlin.CleanupLevel","location":"root/cleanup-level/index.html","searchKeys":["CleanupLevel","jetbrains.buildServer.configs.kotlin.CleanupLevel"]},{"name":"CloudImage","description":"jetbrains.buildServer.configs.kotlin.CloudImage","location":"root/cloud-image/index.html","searchKeys":["CloudImage","jetbrains.buildServer.configs.kotlin.CloudImage"]},{"name":"CloudIntegration","description":"jetbrains.buildServer.configs.kotlin.projectFeatures.CloudIntegration","location":"projectFeatures/cloud-integration/index.html","searchKeys":["CloudIntegration","jetbrains.buildServer.configs.kotlin.projectFeatures.CloudIntegration"]},{"name":"CloudProfile","description":"jetbrains.buildServer.configs.kotlin.CloudProfile","location":"root/cloud-profile/index.html","searchKeys":["CloudProfile","jetbrains.buildServer.configs.kotlin.CloudProfile"]},{"name":"CommitStatusPublisher","description":"jetbrains.buildServer.configs.kotlin.buildFeatures.CommitStatusPublisher","location":"buildFeatures/commit-status-publisher/index.html","searchKeys":["CommitStatusPublisher","jetbrains.buildServer.configs.kotlin.buildFeatures.CommitStatusPublisher"]},{"name":"CompoundStage","description":"jetbrains.buildServer.configs.kotlin.CompoundStage","location":"root/compound-stage/index.html","searchKeys":["CompoundStage","jetbrains.buildServer.configs.kotlin.CompoundStage"]},{"name":"CompoundStageImpl","description":"jetbrains.buildServer.configs.kotlin.CompoundStageImpl","location":"root/compound-stage-impl/index.html","searchKeys":["CompoundStageImpl","jetbrains.buildServer.configs.kotlin.CompoundStageImpl"]},{"name":"ContainerDeployer","description":"jetbrains.buildServer.configs.kotlin.buildSteps.ContainerDeployer","location":"buildSteps/container-deployer/index.html","searchKeys":["ContainerDeployer","jetbrains.buildServer.configs.kotlin.buildSteps.ContainerDeployer"]},{"name":"CustomChart","description":"jetbrains.buildServer.configs.kotlin.CustomChart","location":"root/custom-chart/index.html","searchKeys":["CustomChart","jetbrains.buildServer.configs.kotlin.CustomChart"]},{"name":"DelegateProvider","description":"jetbrains.buildServer.configs.kotlin.DelegateProvider","location":"root/delegate-provider/index.html","searchKeys":["DelegateProvider","jetbrains.buildServer.configs.kotlin.DelegateProvider"]},{"name":"Dependencies","description":"jetbrains.buildServer.configs.kotlin.Dependencies","location":"root/dependencies/index.html","searchKeys":["Dependencies","jetbrains.buildServer.configs.kotlin.Dependencies"]},{"name":"Dependency","description":"jetbrains.buildServer.configs.kotlin.Dependency","location":"root/dependency/index.html","searchKeys":["Dependency","jetbrains.buildServer.configs.kotlin.Dependency"]},{"name":"DependencyConstructor","description":"jetbrains.buildServer.configs.kotlin.DependencyConstructor","location":"root/dependency-constructor/index.html","searchKeys":["DependencyConstructor","jetbrains.buildServer.configs.kotlin.DependencyConstructor"]},{"name":"DevenvBuildStep","description":"jetbrains.buildServer.configs.kotlin.buildSteps.DevenvBuildStep","location":"buildSteps/devenv-build-step/index.html","searchKeys":["DevenvBuildStep","jetbrains.buildServer.configs.kotlin.buildSteps.DevenvBuildStep"]},{"name":"DockerBuildStep","description":"jetbrains.buildServer.configs.kotlin.buildSteps.DockerBuildStep","location":"buildSteps/docker-build-step/index.html","searchKeys":["DockerBuildStep","jetbrains.buildServer.configs.kotlin.buildSteps.DockerBuildStep"]},{"name":"DockerCommandStep","description":"jetbrains.buildServer.configs.kotlin.buildSteps.DockerCommandStep","location":"buildSteps/docker-command-step/index.html","searchKeys":["DockerCommandStep","jetbrains.buildServer.configs.kotlin.buildSteps.DockerCommandStep"]},{"name":"DockerComposeStep","description":"jetbrains.buildServer.configs.kotlin.buildSteps.DockerComposeStep","location":"buildSteps/docker-compose-step/index.html","searchKeys":["DockerComposeStep","jetbrains.buildServer.configs.kotlin.buildSteps.DockerComposeStep"]},{"name":"DockerECRConnection","description":"jetbrains.buildServer.configs.kotlin.projectFeatures.DockerECRConnection","location":"projectFeatures/docker-e-c-r-connection/index.html","searchKeys":["DockerECRConnection","jetbrains.buildServer.configs.kotlin.projectFeatures.DockerECRConnection"]},{"name":"DockerRegistryConnection","description":"jetbrains.buildServer.configs.kotlin.projectFeatures.DockerRegistryConnection","location":"projectFeatures/docker-registry-connection/index.html","searchKeys":["DockerRegistryConnection","jetbrains.buildServer.configs.kotlin.projectFeatures.DockerRegistryConnection"]},{"name":"DockerSupportFeature","description":"jetbrains.buildServer.configs.kotlin.buildFeatures.DockerSupportFeature","location":"buildFeatures/docker-support-feature/index.html","searchKeys":["DockerSupportFeature","jetbrains.buildServer.configs.kotlin.buildFeatures.DockerSupportFeature"]},{"name":"DotCoverBuildStep","description":"jetbrains.buildServer.configs.kotlin.buildSteps.DotCoverBuildStep","location":"buildSteps/dot-cover-build-step/index.html","searchKeys":["DotCoverBuildStep","jetbrains.buildServer.configs.kotlin.buildSteps.DotCoverBuildStep"]},{"name":"DotnetBuildStep","description":"jetbrains.buildServer.configs.kotlin.buildSteps.DotnetBuildStep","location":"buildSteps/dotnet-build-step/index.html","searchKeys":["DotnetBuildStep","jetbrains.buildServer.configs.kotlin.buildSteps.DotnetBuildStep"]},{"name":"DotnetCleanStep","description":"jetbrains.buildServer.configs.kotlin.buildSteps.DotnetCleanStep","location":"buildSteps/dotnet-clean-step/index.html","searchKeys":["DotnetCleanStep","jetbrains.buildServer.configs.kotlin.buildSteps.DotnetCleanStep"]},{"name":"DotnetCustomStep","description":"jetbrains.buildServer.configs.kotlin.buildSteps.DotnetCustomStep","location":"buildSteps/dotnet-custom-step/index.html","searchKeys":["DotnetCustomStep","jetbrains.buildServer.configs.kotlin.buildSteps.DotnetCustomStep"]},{"name":"DotnetMsBuildStep","description":"jetbrains.buildServer.configs.kotlin.buildSteps.DotnetMsBuildStep","location":"buildSteps/dotnet-ms-build-step/index.html","searchKeys":["DotnetMsBuildStep","jetbrains.buildServer.configs.kotlin.buildSteps.DotnetMsBuildStep"]},{"name":"DotnetNugetDeleteStep","description":"jetbrains.buildServer.configs.kotlin.buildSteps.DotnetNugetDeleteStep","location":"buildSteps/dotnet-nuget-delete-step/index.html","searchKeys":["DotnetNugetDeleteStep","jetbrains.buildServer.configs.kotlin.buildSteps.DotnetNugetDeleteStep"]},{"name":"DotnetNugetPushStep","description":"jetbrains.buildServer.configs.kotlin.buildSteps.DotnetNugetPushStep","location":"buildSteps/dotnet-nuget-push-step/index.html","searchKeys":["DotnetNugetPushStep","jetbrains.buildServer.configs.kotlin.buildSteps.DotnetNugetPushStep"]},{"name":"DotnetPackStep","description":"jetbrains.buildServer.configs.kotlin.buildSteps.DotnetPackStep","location":"buildSteps/dotnet-pack-step/index.html","searchKeys":["DotnetPackStep","jetbrains.buildServer.configs.kotlin.buildSteps.DotnetPackStep"]},{"name":"DotnetPublishStep","description":"jetbrains.buildServer.configs.kotlin.buildSteps.DotnetPublishStep","location":"buildSteps/dotnet-publish-step/index.html","searchKeys":["DotnetPublishStep","jetbrains.buildServer.configs.kotlin.buildSteps.DotnetPublishStep"]},{"name":"DotnetRestoreStep","description":"jetbrains.buildServer.configs.kotlin.buildSteps.DotnetRestoreStep","location":"buildSteps/dotnet-restore-step/index.html","searchKeys":["DotnetRestoreStep","jetbrains.buildServer.configs.kotlin.buildSteps.DotnetRestoreStep"]},{"name":"DotnetRunStep","description":"jetbrains.buildServer.configs.kotlin.buildSteps.DotnetRunStep","location":"buildSteps/dotnet-run-step/index.html","searchKeys":["DotnetRunStep","jetbrains.buildServer.configs.kotlin.buildSteps.DotnetRunStep"]},{"name":"DotnetTestStep","description":"jetbrains.buildServer.configs.kotlin.buildSteps.DotnetTestStep","location":"buildSteps/dotnet-test-step/index.html","searchKeys":["DotnetTestStep","jetbrains.buildServer.configs.kotlin.buildSteps.DotnetTestStep"]},{"name":"DotnetVsTestStep","description":"jetbrains.buildServer.configs.kotlin.buildSteps.DotnetVsTestStep","location":"buildSteps/dotnet-vs-test-step/index.html","searchKeys":["DotnetVsTestStep","jetbrains.buildServer.configs.kotlin.buildSteps.DotnetVsTestStep"]},{"name":"DslContext","description":"jetbrains.buildServer.configs.kotlin.DslContext","location":"root/dsl-context/index.html","searchKeys":["DslContext","jetbrains.buildServer.configs.kotlin.DslContext"]},{"name":"ErrorConsumer","description":"jetbrains.buildServer.configs.kotlin.ErrorConsumer","location":"root/error-consumer/index.html","searchKeys":["ErrorConsumer","jetbrains.buildServer.configs.kotlin.ErrorConsumer"]},{"name":"ExecBuildStep","description":"jetbrains.buildServer.configs.kotlin.buildSteps.ExecBuildStep","location":"buildSteps/exec-build-step/index.html","searchKeys":["ExecBuildStep","jetbrains.buildServer.configs.kotlin.buildSteps.ExecBuildStep"]},{"name":"FTPUpload","description":"jetbrains.buildServer.configs.kotlin.buildSteps.FTPUpload","location":"buildSteps/f-t-p-upload/index.html","searchKeys":["FTPUpload","jetbrains.buildServer.configs.kotlin.buildSteps.FTPUpload"]},{"name":"FailureAction","description":"jetbrains.buildServer.configs.kotlin.FailureAction","location":"root/failure-action/index.html","searchKeys":["FailureAction","jetbrains.buildServer.configs.kotlin.FailureAction"]},{"name":"FailureCondition","description":"jetbrains.buildServer.configs.kotlin.FailureCondition","location":"root/failure-condition/index.html","searchKeys":["FailureCondition","jetbrains.buildServer.configs.kotlin.FailureCondition"]},{"name":"FailureConditions","description":"jetbrains.buildServer.configs.kotlin.FailureConditions","location":"root/failure-conditions/index.html","searchKeys":["FailureConditions","jetbrains.buildServer.configs.kotlin.FailureConditions"]},{"name":"FileContentReplacer","description":"jetbrains.buildServer.configs.kotlin.buildFeatures.FileContentReplacer","location":"buildFeatures/file-content-replacer/index.html","searchKeys":["FileContentReplacer","jetbrains.buildServer.configs.kotlin.buildFeatures.FileContentReplacer"]},{"name":"FinishBuildTrigger","description":"jetbrains.buildServer.configs.kotlin.triggers.FinishBuildTrigger","location":"triggers/finish-build-trigger/index.html","searchKeys":["FinishBuildTrigger","jetbrains.buildServer.configs.kotlin.triggers.FinishBuildTrigger"]},{"name":"FreeDiskSpace","description":"jetbrains.buildServer.configs.kotlin.buildFeatures.FreeDiskSpace","location":"buildFeatures/free-disk-space/index.html","searchKeys":["FreeDiskSpace","jetbrains.buildServer.configs.kotlin.buildFeatures.FreeDiskSpace"]},{"name":"FxCopStep","description":"jetbrains.buildServer.configs.kotlin.buildSteps.FxCopStep","location":"buildSteps/fx-cop-step/index.html","searchKeys":["FxCopStep","jetbrains.buildServer.configs.kotlin.buildSteps.FxCopStep"]},{"name":"GHEConnection","description":"jetbrains.buildServer.configs.kotlin.projectFeatures.GHEConnection","location":"projectFeatures/g-h-e-connection/index.html","searchKeys":["GHEConnection","jetbrains.buildServer.configs.kotlin.projectFeatures.GHEConnection"]},{"name":"GitHubAppConnection","description":"jetbrains.buildServer.configs.kotlin.projectFeatures.GitHubAppConnection","location":"projectFeatures/git-hub-app-connection/index.html","searchKeys":["GitHubAppConnection","jetbrains.buildServer.configs.kotlin.projectFeatures.GitHubAppConnection"]},{"name":"GitHubChecksTrigger","description":"jetbrains.buildServer.configs.kotlin.triggers.GitHubChecksTrigger","location":"triggers/git-hub-checks-trigger/index.html","searchKeys":["GitHubChecksTrigger","jetbrains.buildServer.configs.kotlin.triggers.GitHubChecksTrigger"]},{"name":"GitHubConnection","description":"jetbrains.buildServer.configs.kotlin.projectFeatures.GitHubConnection","location":"projectFeatures/git-hub-connection/index.html","searchKeys":["GitHubConnection","jetbrains.buildServer.configs.kotlin.projectFeatures.GitHubConnection"]},{"name":"GitHubIssueTracker","description":"jetbrains.buildServer.configs.kotlin.projectFeatures.GitHubIssueTracker","location":"projectFeatures/git-hub-issue-tracker/index.html","searchKeys":["GitHubIssueTracker","jetbrains.buildServer.configs.kotlin.projectFeatures.GitHubIssueTracker"]},{"name":"GitLabConnection","description":"jetbrains.buildServer.configs.kotlin.projectFeatures.GitLabConnection","location":"projectFeatures/git-lab-connection/index.html","searchKeys":["GitLabConnection","jetbrains.buildServer.configs.kotlin.projectFeatures.GitLabConnection"]},{"name":"GitLabEEConnection","description":"jetbrains.buildServer.configs.kotlin.projectFeatures.GitLabEEConnection","location":"projectFeatures/git-lab-e-e-connection/index.html","searchKeys":["GitLabEEConnection","jetbrains.buildServer.configs.kotlin.projectFeatures.GitLabEEConnection"]},{"name":"GitLabIssueTracker","description":"jetbrains.buildServer.configs.kotlin.projectFeatures.GitLabIssueTracker","location":"projectFeatures/git-lab-issue-tracker/index.html","searchKeys":["GitLabIssueTracker","jetbrains.buildServer.configs.kotlin.projectFeatures.GitLabIssueTracker"]},{"name":"GitVcsRoot","description":"jetbrains.buildServer.configs.kotlin.vcs.GitVcsRoot","location":"vcs/git-vcs-root/index.html","searchKeys":["GitVcsRoot","jetbrains.buildServer.configs.kotlin.vcs.GitVcsRoot"]},{"name":"GolangFeature","description":"jetbrains.buildServer.configs.kotlin.buildFeatures.GolangFeature","location":"buildFeatures/golang-feature/index.html","searchKeys":["GolangFeature","jetbrains.buildServer.configs.kotlin.buildFeatures.GolangFeature"]},{"name":"GoogleConnection","description":"jetbrains.buildServer.configs.kotlin.projectFeatures.GoogleConnection","location":"projectFeatures/google-connection/index.html","searchKeys":["GoogleConnection","jetbrains.buildServer.configs.kotlin.projectFeatures.GoogleConnection"]},{"name":"GradleBuildStep","description":"jetbrains.buildServer.configs.kotlin.buildSteps.GradleBuildStep","location":"buildSteps/gradle-build-step/index.html","searchKeys":["GradleBuildStep","jetbrains.buildServer.configs.kotlin.buildSteps.GradleBuildStep"]},{"name":"GradleCacheFeature","description":"jetbrains.buildServer.configs.kotlin.buildFeatures.GradleCacheFeature","location":"buildFeatures/gradle-cache-feature/index.html","searchKeys":["GradleCacheFeature","jetbrains.buildServer.configs.kotlin.buildFeatures.GradleCacheFeature"]},{"name":"HashiCorpVaultConnection","description":"jetbrains.buildServer.configs.kotlin.projectFeatures.HashiCorpVaultConnection","location":"projectFeatures/hashi-corp-vault-connection/index.html","searchKeys":["HashiCorpVaultConnection","jetbrains.buildServer.configs.kotlin.projectFeatures.HashiCorpVaultConnection"]},{"name":"HashiCorpVaultParameter","description":"jetbrains.buildServer.configs.kotlin.remoteParameters.HashiCorpVaultParameter","location":"remoteParameters/hashi-corp-vault-parameter/index.html","searchKeys":["HashiCorpVaultParameter","jetbrains.buildServer.configs.kotlin.remoteParameters.HashiCorpVaultParameter"]},{"name":"HgVcsRoot","description":"jetbrains.buildServer.configs.kotlin.vcs.HgVcsRoot","location":"vcs/hg-vcs-root/index.html","searchKeys":["HgVcsRoot","jetbrains.buildServer.configs.kotlin.vcs.HgVcsRoot"]},{"name":"Id","description":"jetbrains.buildServer.configs.kotlin.Id","location":"root/id/index.html","searchKeys":["Id","jetbrains.buildServer.configs.kotlin.Id"]},{"name":"IdGenerator","description":"jetbrains.buildServer.configs.kotlin.IdGenerator","location":"root/id-generator/index.html","searchKeys":["IdGenerator","jetbrains.buildServer.configs.kotlin.IdGenerator"]},{"name":"IdOwner","description":"jetbrains.buildServer.configs.kotlin.IdOwner","location":"root/id-owner/index.html","searchKeys":["IdOwner","jetbrains.buildServer.configs.kotlin.IdOwner"]},{"name":"IdeaDuplicates","description":"jetbrains.buildServer.configs.kotlin.IdeaDuplicates","location":"root/idea-duplicates/index.html","searchKeys":["IdeaDuplicates","jetbrains.buildServer.configs.kotlin.IdeaDuplicates"]},{"name":"IdeaInspections","description":"jetbrains.buildServer.configs.kotlin.IdeaInspections","location":"root/idea-inspections/index.html","searchKeys":["IdeaInspections","jetbrains.buildServer.configs.kotlin.IdeaInspections"]},{"name":"IdeaRunner","description":"jetbrains.buildServer.configs.kotlin.IdeaRunner","location":"root/idea-runner/index.html","searchKeys":["IdeaRunner","jetbrains.buildServer.configs.kotlin.IdeaRunner"]},{"name":"IdeaSettingsBasedRunner","description":"jetbrains.buildServer.configs.kotlin.IdeaSettingsBasedRunner","location":"root/idea-settings-based-runner/index.html","searchKeys":["IdeaSettingsBasedRunner","jetbrains.buildServer.configs.kotlin.IdeaSettingsBasedRunner"]},{"name":"InvestigationsAutoAssigner","description":"jetbrains.buildServer.configs.kotlin.buildFeatures.InvestigationsAutoAssigner","location":"buildFeatures/investigations-auto-assigner/index.html","searchKeys":["InvestigationsAutoAssigner","jetbrains.buildServer.configs.kotlin.buildFeatures.InvestigationsAutoAssigner"]},{"name":"JetBrainsSpaceConnection","description":"jetbrains.buildServer.configs.kotlin.projectFeatures.JetBrainsSpaceConnection","location":"projectFeatures/jet-brains-space-connection/index.html","searchKeys":["JetBrainsSpaceConnection","jetbrains.buildServer.configs.kotlin.projectFeatures.JetBrainsSpaceConnection"]},{"name":"JiraCloudIntegration","description":"jetbrains.buildServer.configs.kotlin.buildFeatures.JiraCloudIntegration","location":"buildFeatures/jira-cloud-integration/index.html","searchKeys":["JiraCloudIntegration","jetbrains.buildServer.configs.kotlin.buildFeatures.JiraCloudIntegration"]},{"name":"JiraIssueTracker","description":"jetbrains.buildServer.configs.kotlin.projectFeatures.JiraIssueTracker","location":"projectFeatures/jira-issue-tracker/index.html","searchKeys":["JiraIssueTracker","jetbrains.buildServer.configs.kotlin.projectFeatures.JiraIssueTracker"]},{"name":"KotlinScriptCustomBuildStep","description":"jetbrains.buildServer.configs.kotlin.buildSteps.KotlinScriptCustomBuildStep","location":"buildSteps/kotlin-script-custom-build-step/index.html","searchKeys":["KotlinScriptCustomBuildStep","jetbrains.buildServer.configs.kotlin.buildSteps.KotlinScriptCustomBuildStep"]},{"name":"KotlinScriptFileBuildStep","description":"jetbrains.buildServer.configs.kotlin.buildSteps.KotlinScriptFileBuildStep","location":"buildSteps/kotlin-script-file-build-step/index.html","searchKeys":["KotlinScriptFileBuildStep","jetbrains.buildServer.configs.kotlin.buildSteps.KotlinScriptFileBuildStep"]},{"name":"KubernetesCloudImage","description":"jetbrains.buildServer.configs.kotlin.KubernetesCloudImage","location":"root/kubernetes-cloud-image/index.html","searchKeys":["KubernetesCloudImage","jetbrains.buildServer.configs.kotlin.KubernetesCloudImage"]},{"name":"KubernetesCloudProfile","description":"jetbrains.buildServer.configs.kotlin.KubernetesCloudProfile","location":"root/kubernetes-cloud-profile/index.html","searchKeys":["KubernetesCloudProfile","jetbrains.buildServer.configs.kotlin.KubernetesCloudProfile"]},{"name":"KubernetesConnection","description":"jetbrains.buildServer.configs.kotlin.projectFeatures.KubernetesConnection","location":"projectFeatures/kubernetes-connection/index.html","searchKeys":["KubernetesConnection","jetbrains.buildServer.configs.kotlin.projectFeatures.KubernetesConnection"]},{"name":"KubernetesExecutor","description":"jetbrains.buildServer.configs.kotlin.projectFeatures.KubernetesExecutor","location":"projectFeatures/kubernetes-executor/index.html","searchKeys":["KubernetesExecutor","jetbrains.buildServer.configs.kotlin.projectFeatures.KubernetesExecutor"]},{"name":"MatrixFeature","description":"jetbrains.buildServer.configs.kotlin.MatrixFeature","location":"root/matrix-feature/index.html","searchKeys":["MatrixFeature","jetbrains.buildServer.configs.kotlin.MatrixFeature"]},{"name":"MavenArtifactDependencyTrigger","description":"jetbrains.buildServer.configs.kotlin.triggers.MavenArtifactDependencyTrigger","location":"triggers/maven-artifact-dependency-trigger/index.html","searchKeys":["MavenArtifactDependencyTrigger","jetbrains.buildServer.configs.kotlin.triggers.MavenArtifactDependencyTrigger"]},{"name":"MavenBuildStep","description":"jetbrains.buildServer.configs.kotlin.buildSteps.MavenBuildStep","location":"buildSteps/maven-build-step/index.html","searchKeys":["MavenBuildStep","jetbrains.buildServer.configs.kotlin.buildSteps.MavenBuildStep"]},{"name":"MavenCacheFeature","description":"jetbrains.buildServer.configs.kotlin.buildFeatures.MavenCacheFeature","location":"buildFeatures/maven-cache-feature/index.html","searchKeys":["MavenCacheFeature","jetbrains.buildServer.configs.kotlin.buildFeatures.MavenCacheFeature"]},{"name":"MavenSnapshotDependencyTrigger","description":"jetbrains.buildServer.configs.kotlin.triggers.MavenSnapshotDependencyTrigger","location":"triggers/maven-snapshot-dependency-trigger/index.html","searchKeys":["MavenSnapshotDependencyTrigger","jetbrains.buildServer.configs.kotlin.triggers.MavenSnapshotDependencyTrigger"]},{"name":"NUnitConsoleStep","description":"jetbrains.buildServer.configs.kotlin.buildSteps.NUnitConsoleStep","location":"buildSteps/n-unit-console-step/index.html","searchKeys":["NUnitConsoleStep","jetbrains.buildServer.configs.kotlin.buildSteps.NUnitConsoleStep"]},{"name":"NodeJSBuildStep","description":"jetbrains.buildServer.configs.kotlin.buildSteps.NodeJSBuildStep","location":"buildSteps/node-j-s-build-step/index.html","searchKeys":["NodeJSBuildStep","jetbrains.buildServer.configs.kotlin.buildSteps.NodeJSBuildStep"]},{"name":"Notifications","description":"jetbrains.buildServer.configs.kotlin.buildFeatures.Notifications","location":"buildFeatures/notifications/index.html","searchKeys":["Notifications","jetbrains.buildServer.configs.kotlin.buildFeatures.Notifications"]},{"name":"NpmConnectionBuildFeature","description":"jetbrains.buildServer.configs.kotlin.buildFeatures.NpmConnectionBuildFeature","location":"buildFeatures/npm-connection-build-feature/index.html","searchKeys":["NpmConnectionBuildFeature","jetbrains.buildServer.configs.kotlin.buildFeatures.NpmConnectionBuildFeature"]},{"name":"NpmRegistryConnection","description":"jetbrains.buildServer.configs.kotlin.projectFeatures.NpmRegistryConnection","location":"projectFeatures/npm-registry-connection/index.html","searchKeys":["NpmRegistryConnection","jetbrains.buildServer.configs.kotlin.projectFeatures.NpmRegistryConnection"]},{"name":"NuGetDependency","description":"jetbrains.buildServer.configs.kotlin.triggers.NuGetDependency","location":"triggers/nu-get-dependency/index.html","searchKeys":["NuGetDependency","jetbrains.buildServer.configs.kotlin.triggers.NuGetDependency"]},{"name":"NuGetFeed","description":"jetbrains.buildServer.configs.kotlin.projectFeatures.NuGetFeed","location":"projectFeatures/nu-get-feed/index.html","searchKeys":["NuGetFeed","jetbrains.buildServer.configs.kotlin.projectFeatures.NuGetFeed"]},{"name":"NuGetFeedCredentials","description":"jetbrains.buildServer.configs.kotlin.buildFeatures.NuGetFeedCredentials","location":"buildFeatures/nu-get-feed-credentials/index.html","searchKeys":["NuGetFeedCredentials","jetbrains.buildServer.configs.kotlin.buildFeatures.NuGetFeedCredentials"]},{"name":"NuGetInstallerStep","description":"jetbrains.buildServer.configs.kotlin.buildSteps.NuGetInstallerStep","location":"buildSteps/nu-get-installer-step/index.html","searchKeys":["NuGetInstallerStep","jetbrains.buildServer.configs.kotlin.buildSteps.NuGetInstallerStep"]},{"name":"NuGetPackStep","description":"jetbrains.buildServer.configs.kotlin.buildSteps.NuGetPackStep","location":"buildSteps/nu-get-pack-step/index.html","searchKeys":["NuGetPackStep","jetbrains.buildServer.configs.kotlin.buildSteps.NuGetPackStep"]},{"name":"NuGetPackagesIndexer","description":"jetbrains.buildServer.configs.kotlin.buildFeatures.NuGetPackagesIndexer","location":"buildFeatures/nu-get-packages-indexer/index.html","searchKeys":["NuGetPackagesIndexer","jetbrains.buildServer.configs.kotlin.buildFeatures.NuGetPackagesIndexer"]},{"name":"NuGetPublishStep","description":"jetbrains.buildServer.configs.kotlin.buildSteps.NuGetPublishStep","location":"buildSteps/nu-get-publish-step/index.html","searchKeys":["NuGetPublishStep","jetbrains.buildServer.configs.kotlin.buildSteps.NuGetPublishStep"]},{"name":"NugetCacheFeature","description":"jetbrains.buildServer.configs.kotlin.buildFeatures.NugetCacheFeature","location":"buildFeatures/nuget-cache-feature/index.html","searchKeys":["NugetCacheFeature","jetbrains.buildServer.configs.kotlin.buildFeatures.NugetCacheFeature"]},{"name":"Options","description":"jetbrains.buildServer.configs.kotlin.Options","location":"root/options/index.html","searchKeys":["Options","jetbrains.buildServer.configs.kotlin.Options"]},{"name":"OutputParameters","description":"jetbrains.buildServer.configs.kotlin.OutputParameters","location":"root/output-parameters/index.html","searchKeys":["OutputParameters","jetbrains.buildServer.configs.kotlin.OutputParameters"]},{"name":"ParallelStageImpl","description":"jetbrains.buildServer.configs.kotlin.ParallelStageImpl","location":"root/parallel-stage-impl/index.html","searchKeys":["ParallelStageImpl","jetbrains.buildServer.configs.kotlin.ParallelStageImpl"]},{"name":"ParallelTestsFeature","description":"jetbrains.buildServer.configs.kotlin.buildFeatures.ParallelTestsFeature","location":"buildFeatures/parallel-tests-feature/index.html","searchKeys":["ParallelTestsFeature","jetbrains.buildServer.configs.kotlin.buildFeatures.ParallelTestsFeature"]},{"name":"Parameter","description":"jetbrains.buildServer.configs.kotlin.Parameter","location":"root/parameter/index.html","searchKeys":["Parameter","jetbrains.buildServer.configs.kotlin.Parameter"]},{"name":"ParameterDisplay","description":"jetbrains.buildServer.configs.kotlin.ParameterDisplay","location":"root/parameter-display/index.html","searchKeys":["ParameterDisplay","jetbrains.buildServer.configs.kotlin.ParameterDisplay"]},{"name":"ParameterRef","description":"jetbrains.buildServer.configs.kotlin.ParameterRef","location":"root/parameter-ref/index.html","searchKeys":["ParameterRef","jetbrains.buildServer.configs.kotlin.ParameterRef"]},{"name":"ParameterSpec","description":"jetbrains.buildServer.configs.kotlin.ParameterSpec","location":"root/parameter-spec/index.html","searchKeys":["ParameterSpec","jetbrains.buildServer.configs.kotlin.ParameterSpec"]},{"name":"ParameterSpecCheckbox","description":"jetbrains.buildServer.configs.kotlin.ParameterSpecCheckbox","location":"root/parameter-spec-checkbox/index.html","searchKeys":["ParameterSpecCheckbox","jetbrains.buildServer.configs.kotlin.ParameterSpecCheckbox"]},{"name":"ParameterSpecFreeForm","description":"jetbrains.buildServer.configs.kotlin.ParameterSpecFreeForm","location":"root/parameter-spec-free-form/index.html","searchKeys":["ParameterSpecFreeForm","jetbrains.buildServer.configs.kotlin.ParameterSpecFreeForm"]},{"name":"ParameterSpecPassword","description":"jetbrains.buildServer.configs.kotlin.ParameterSpecPassword","location":"root/parameter-spec-password/index.html","searchKeys":["ParameterSpecPassword","jetbrains.buildServer.configs.kotlin.ParameterSpecPassword"]},{"name":"ParameterSpecRegex","description":"jetbrains.buildServer.configs.kotlin.ParameterSpecRegex","location":"root/parameter-spec-regex/index.html","searchKeys":["ParameterSpecRegex","jetbrains.buildServer.configs.kotlin.ParameterSpecRegex"]},{"name":"ParameterSpecRemote","description":"jetbrains.buildServer.configs.kotlin.ParameterSpecRemote","location":"root/parameter-spec-remote/index.html","searchKeys":["ParameterSpecRemote","jetbrains.buildServer.configs.kotlin.ParameterSpecRemote"]},{"name":"ParameterSpecSelect","description":"jetbrains.buildServer.configs.kotlin.ParameterSpecSelect","location":"root/parameter-spec-select/index.html","searchKeys":["ParameterSpecSelect","jetbrains.buildServer.configs.kotlin.ParameterSpecSelect"]},{"name":"ParameterSpecText","description":"jetbrains.buildServer.configs.kotlin.ParameterSpecText","location":"root/parameter-spec-text/index.html","searchKeys":["ParameterSpecText","jetbrains.buildServer.configs.kotlin.ParameterSpecText"]},{"name":"Parametrized","description":"jetbrains.buildServer.configs.kotlin.Parametrized","location":"root/parametrized/index.html","searchKeys":["Parametrized","jetbrains.buildServer.configs.kotlin.Parametrized"]},{"name":"ParametrizedWithType","description":"jetbrains.buildServer.configs.kotlin.ParametrizedWithType","location":"root/parametrized-with-type/index.html","searchKeys":["ParametrizedWithType","jetbrains.buildServer.configs.kotlin.ParametrizedWithType"]},{"name":"Perfmon","description":"jetbrains.buildServer.configs.kotlin.buildFeatures.Perfmon","location":"buildFeatures/perfmon/index.html","searchKeys":["Perfmon","jetbrains.buildServer.configs.kotlin.buildFeatures.Perfmon"]},{"name":"PerforceAdminConnection","description":"jetbrains.buildServer.configs.kotlin.projectFeatures.PerforceAdminConnection","location":"projectFeatures/perforce-admin-connection/index.html","searchKeys":["PerforceAdminConnection","jetbrains.buildServer.configs.kotlin.projectFeatures.PerforceAdminConnection"]},{"name":"PerforceShelveTrigger","description":"jetbrains.buildServer.configs.kotlin.triggers.PerforceShelveTrigger","location":"triggers/perforce-shelve-trigger/index.html","searchKeys":["PerforceShelveTrigger","jetbrains.buildServer.configs.kotlin.triggers.PerforceShelveTrigger"]},{"name":"PerforceVcsRoot","description":"jetbrains.buildServer.configs.kotlin.vcs.PerforceVcsRoot","location":"vcs/perforce-vcs-root/index.html","searchKeys":["PerforceVcsRoot","jetbrains.buildServer.configs.kotlin.vcs.PerforceVcsRoot"]},{"name":"PowerShellStep","description":"jetbrains.buildServer.configs.kotlin.buildSteps.PowerShellStep","location":"buildSteps/power-shell-step/index.html","searchKeys":["PowerShellStep","jetbrains.buildServer.configs.kotlin.buildSteps.PowerShellStep"]},{"name":"Project","description":"jetbrains.buildServer.configs.kotlin.Project","location":"root/project/index.html","searchKeys":["Project","jetbrains.buildServer.configs.kotlin.Project"]},{"name":"ProjectChartsOrder","description":"jetbrains.buildServer.configs.kotlin.ProjectChartsOrder","location":"root/project-charts-order/index.html","searchKeys":["ProjectChartsOrder","jetbrains.buildServer.configs.kotlin.ProjectChartsOrder"]},{"name":"ProjectCustomChart","description":"jetbrains.buildServer.configs.kotlin.ProjectCustomChart","location":"root/project-custom-chart/index.html","searchKeys":["ProjectCustomChart","jetbrains.buildServer.configs.kotlin.ProjectCustomChart"]},{"name":"ProjectFeature","description":"jetbrains.buildServer.configs.kotlin.ProjectFeature","location":"root/project-feature/index.html","searchKeys":["ProjectFeature","jetbrains.buildServer.configs.kotlin.ProjectFeature"]},{"name":"ProjectFeatures","description":"jetbrains.buildServer.configs.kotlin.ProjectFeatures","location":"root/project-features/index.html","searchKeys":["ProjectFeatures","jetbrains.buildServer.configs.kotlin.ProjectFeatures"]},{"name":"ProjectReportTab","description":"jetbrains.buildServer.configs.kotlin.projectFeatures.ProjectReportTab","location":"projectFeatures/project-report-tab/index.html","searchKeys":["ProjectReportTab","jetbrains.buildServer.configs.kotlin.projectFeatures.ProjectReportTab"]},{"name":"ProvideAwsCredentials","description":"jetbrains.buildServer.configs.kotlin.buildFeatures.ProvideAwsCredentials","location":"buildFeatures/provide-aws-credentials/index.html","searchKeys":["ProvideAwsCredentials","jetbrains.buildServer.configs.kotlin.buildFeatures.ProvideAwsCredentials"]},{"name":"PublicRecipes","description":"jetbrains.buildServer.configs.kotlin.projectFeatures.PublicRecipes","location":"projectFeatures/public-recipes/index.html","searchKeys":["PublicRecipes","jetbrains.buildServer.configs.kotlin.projectFeatures.PublicRecipes"]},{"name":"PublishMode","description":"jetbrains.buildServer.configs.kotlin.PublishMode","location":"root/publish-mode/index.html","searchKeys":["PublishMode","jetbrains.buildServer.configs.kotlin.PublishMode"]},{"name":"PullRequests","description":"jetbrains.buildServer.configs.kotlin.buildFeatures.PullRequests","location":"buildFeatures/pull-requests/index.html","searchKeys":["PullRequests","jetbrains.buildServer.configs.kotlin.buildFeatures.PullRequests"]},{"name":"PythonBuildStep","description":"jetbrains.buildServer.configs.kotlin.buildSteps.PythonBuildStep","location":"buildSteps/python-build-step/index.html","searchKeys":["PythonBuildStep","jetbrains.buildServer.configs.kotlin.buildSteps.PythonBuildStep"]},{"name":"Qodana","description":"jetbrains.buildServer.configs.kotlin.buildSteps.Qodana","location":"buildSteps/qodana/index.html","searchKeys":["Qodana","jetbrains.buildServer.configs.kotlin.buildSteps.Qodana"]},{"name":"RakeStep","description":"jetbrains.buildServer.configs.kotlin.buildSteps.RakeStep","location":"buildSteps/rake-step/index.html","searchKeys":["RakeStep","jetbrains.buildServer.configs.kotlin.buildSteps.RakeStep"]},{"name":"ReSharperDuplicates","description":"jetbrains.buildServer.configs.kotlin.buildSteps.ReSharperDuplicates","location":"buildSteps/re-sharper-duplicates/index.html","searchKeys":["ReSharperDuplicates","jetbrains.buildServer.configs.kotlin.buildSteps.ReSharperDuplicates"]},{"name":"ReSharperInspections","description":"jetbrains.buildServer.configs.kotlin.buildSteps.ReSharperInspections","location":"buildSteps/re-sharper-inspections/index.html","searchKeys":["ReSharperInspections","jetbrains.buildServer.configs.kotlin.buildSteps.ReSharperInspections"]},{"name":"RelativeId","description":"jetbrains.buildServer.configs.kotlin.RelativeId","location":"root/relative-id/index.html","searchKeys":["RelativeId","jetbrains.buildServer.configs.kotlin.RelativeId"]},{"name":"RemoteParameter","description":"jetbrains.buildServer.configs.kotlin.RemoteParameter","location":"root/remote-parameter/index.html","searchKeys":["RemoteParameter","jetbrains.buildServer.configs.kotlin.RemoteParameter"]},{"name":"Requirement","description":"jetbrains.buildServer.configs.kotlin.Requirement","location":"root/requirement/index.html","searchKeys":["Requirement","jetbrains.buildServer.configs.kotlin.Requirement"]},{"name":"RequirementType","description":"jetbrains.buildServer.configs.kotlin.RequirementType","location":"root/requirement-type/index.html","searchKeys":["RequirementType","jetbrains.buildServer.configs.kotlin.RequirementType"]},{"name":"Requirements","description":"jetbrains.buildServer.configs.kotlin.Requirements","location":"root/requirements/index.html","searchKeys":["Requirements","jetbrains.buildServer.configs.kotlin.Requirements"]},{"name":"RetryBuildTrigger","description":"jetbrains.buildServer.configs.kotlin.triggers.RetryBuildTrigger","location":"triggers/retry-build-trigger/index.html","searchKeys":["RetryBuildTrigger","jetbrains.buildServer.configs.kotlin.triggers.RetryBuildTrigger"]},{"name":"ReuseBuilds","description":"jetbrains.buildServer.configs.kotlin.ReuseBuilds","location":"root/reuse-builds/index.html","searchKeys":["ReuseBuilds","jetbrains.buildServer.configs.kotlin.ReuseBuilds"]},{"name":"RubyEnvConfigurator","description":"jetbrains.buildServer.configs.kotlin.buildFeatures.RubyEnvConfigurator","location":"buildFeatures/ruby-env-configurator/index.html","searchKeys":["RubyEnvConfigurator","jetbrains.buildServer.configs.kotlin.buildFeatures.RubyEnvConfigurator"]},{"name":"RunInDockerBuildFeature","description":"jetbrains.buildServer.configs.kotlin.buildFeatures.RunInDockerBuildFeature","location":"buildFeatures/run-in-docker-build-feature/index.html","searchKeys":["RunInDockerBuildFeature","jetbrains.buildServer.configs.kotlin.buildFeatures.RunInDockerBuildFeature"]},{"name":"S3CompatibleStorage","description":"jetbrains.buildServer.configs.kotlin.projectFeatures.S3CompatibleStorage","location":"projectFeatures/s3-compatible-storage/index.html","searchKeys":["S3CompatibleStorage","jetbrains.buildServer.configs.kotlin.projectFeatures.S3CompatibleStorage"]},{"name":"S3Storage","description":"jetbrains.buildServer.configs.kotlin.projectFeatures.S3Storage","location":"projectFeatures/s3-storage/index.html","searchKeys":["S3Storage","jetbrains.buildServer.configs.kotlin.projectFeatures.S3Storage"]},{"name":"SMBUpload","description":"jetbrains.buildServer.configs.kotlin.buildSteps.SMBUpload","location":"buildSteps/s-m-b-upload/index.html","searchKeys":["SMBUpload","jetbrains.buildServer.configs.kotlin.buildSteps.SMBUpload"]},{"name":"SSHExec","description":"jetbrains.buildServer.configs.kotlin.buildSteps.SSHExec","location":"buildSteps/s-s-h-exec/index.html","searchKeys":["SSHExec","jetbrains.buildServer.configs.kotlin.buildSteps.SSHExec"]},{"name":"SSHUpload","description":"jetbrains.buildServer.configs.kotlin.buildSteps.SSHUpload","location":"buildSteps/s-s-h-upload/index.html","searchKeys":["SSHUpload","jetbrains.buildServer.configs.kotlin.buildSteps.SSHUpload"]},{"name":"ScheduleTrigger","description":"jetbrains.buildServer.configs.kotlin.triggers.ScheduleTrigger","location":"triggers/schedule-trigger/index.html","searchKeys":["ScheduleTrigger","jetbrains.buildServer.configs.kotlin.triggers.ScheduleTrigger"]},{"name":"ScriptBuildStep","description":"jetbrains.buildServer.configs.kotlin.buildSteps.ScriptBuildStep","location":"buildSteps/script-build-step/index.html","searchKeys":["ScriptBuildStep","jetbrains.buildServer.configs.kotlin.buildSteps.ScriptBuildStep"]},{"name":"SequentialStageImpl","description":"jetbrains.buildServer.configs.kotlin.SequentialStageImpl","location":"root/sequential-stage-impl/index.html","searchKeys":["SequentialStageImpl","jetbrains.buildServer.configs.kotlin.SequentialStageImpl"]},{"name":"SharedResource","description":"jetbrains.buildServer.configs.kotlin.SharedResource","location":"root/shared-resource/index.html","searchKeys":["SharedResource","jetbrains.buildServer.configs.kotlin.SharedResource"]},{"name":"SharedResources","description":"jetbrains.buildServer.configs.kotlin.SharedResources","location":"root/shared-resources/index.html","searchKeys":["SharedResources","jetbrains.buildServer.configs.kotlin.SharedResources"]},{"name":"SimpleBuildTool","description":"jetbrains.buildServer.configs.kotlin.buildSteps.SimpleBuildTool","location":"buildSteps/simple-build-tool/index.html","searchKeys":["SimpleBuildTool","jetbrains.buildServer.configs.kotlin.buildSteps.SimpleBuildTool"]},{"name":"Single","description":"jetbrains.buildServer.configs.kotlin.Single","location":"root/single/index.html","searchKeys":["Single","jetbrains.buildServer.configs.kotlin.Single"]},{"name":"SlackConnection","description":"jetbrains.buildServer.configs.kotlin.projectFeatures.SlackConnection","location":"projectFeatures/slack-connection/index.html","searchKeys":["SlackConnection","jetbrains.buildServer.configs.kotlin.projectFeatures.SlackConnection"]},{"name":"SnapshotDependency","description":"jetbrains.buildServer.configs.kotlin.SnapshotDependency","location":"root/snapshot-dependency/index.html","searchKeys":["SnapshotDependency","jetbrains.buildServer.configs.kotlin.SnapshotDependency"]},{"name":"SnapshotDependencyOptions","description":"jetbrains.buildServer.configs.kotlin.SnapshotDependencyOptions","location":"root/snapshot-dependency-options/index.html","searchKeys":["SnapshotDependencyOptions","jetbrains.buildServer.configs.kotlin.SnapshotDependencyOptions"]},{"name":"SshAgent","description":"jetbrains.buildServer.configs.kotlin.buildFeatures.SshAgent","location":"buildFeatures/ssh-agent/index.html","searchKeys":["SshAgent","jetbrains.buildServer.configs.kotlin.buildFeatures.SshAgent"]},{"name":"Stage","description":"jetbrains.buildServer.configs.kotlin.Stage","location":"root/stage/index.html","searchKeys":["Stage","jetbrains.buildServer.configs.kotlin.Stage"]},{"name":"StageFactory","description":"jetbrains.buildServer.configs.kotlin.StageFactory","location":"root/stage-factory/index.html","searchKeys":["StageFactory","jetbrains.buildServer.configs.kotlin.StageFactory"]},{"name":"SvnVcsRoot","description":"jetbrains.buildServer.configs.kotlin.vcs.SvnVcsRoot","location":"vcs/svn-vcs-root/index.html","searchKeys":["SvnVcsRoot","jetbrains.buildServer.configs.kotlin.vcs.SvnVcsRoot"]},{"name":"Swabra","description":"jetbrains.buildServer.configs.kotlin.buildFeatures.Swabra","location":"buildFeatures/swabra/index.html","searchKeys":["Swabra","jetbrains.buildServer.configs.kotlin.buildFeatures.Swabra"]},{"name":"TQ","description":"jetbrains.buildServer.configs.kotlin.TQ","location":"root/t-q.html","searchKeys":["TQ","jetbrains.buildServer.configs.kotlin.TQ"]},{"name":"Template","description":"jetbrains.buildServer.configs.kotlin.Template","location":"root/template/index.html","searchKeys":["Template","jetbrains.buildServer.configs.kotlin.Template"]},{"name":"TfsIssueTracker","description":"jetbrains.buildServer.configs.kotlin.projectFeatures.TfsIssueTracker","location":"projectFeatures/tfs-issue-tracker/index.html","searchKeys":["TfsIssueTracker","jetbrains.buildServer.configs.kotlin.projectFeatures.TfsIssueTracker"]},{"name":"TfsVcsRoot","description":"jetbrains.buildServer.configs.kotlin.vcs.TfsVcsRoot","location":"vcs/tfs-vcs-root/index.html","searchKeys":["TfsVcsRoot","jetbrains.buildServer.configs.kotlin.vcs.TfsVcsRoot"]},{"name":"Trigger","description":"jetbrains.buildServer.configs.kotlin.Trigger","location":"root/trigger/index.html","searchKeys":["Trigger","jetbrains.buildServer.configs.kotlin.Trigger"]},{"name":"TriggerBuildParameters","description":"jetbrains.buildServer.configs.kotlin.TriggerBuildParameters","location":"root/trigger-build-parameters/index.html","searchKeys":["TriggerBuildParameters","jetbrains.buildServer.configs.kotlin.TriggerBuildParameters"]},{"name":"Triggers","description":"jetbrains.buildServer.configs.kotlin.Triggers","location":"root/triggers/index.html","searchKeys":["Triggers","jetbrains.buildServer.configs.kotlin.Triggers"]},{"name":"UntrustedBuildsSettings","description":"jetbrains.buildServer.configs.kotlin.projectFeatures.UntrustedBuildsSettings","location":"projectFeatures/untrusted-builds-settings/index.html","searchKeys":["UntrustedBuildsSettings","jetbrains.buildServer.configs.kotlin.projectFeatures.UntrustedBuildsSettings"]},{"name":"VMwareVSphereCloudImage","description":"jetbrains.buildServer.configs.kotlin.VMwareVSphereCloudImage","location":"root/v-mware-v-sphere-cloud-image/index.html","searchKeys":["VMwareVSphereCloudImage","jetbrains.buildServer.configs.kotlin.VMwareVSphereCloudImage"]},{"name":"VMwareVSphereCloudProfile","description":"jetbrains.buildServer.configs.kotlin.VMwareVSphereCloudProfile","location":"root/v-mware-v-sphere-cloud-profile/index.html","searchKeys":["VMwareVSphereCloudProfile","jetbrains.buildServer.configs.kotlin.VMwareVSphereCloudProfile"]},{"name":"Validatable","description":"jetbrains.buildServer.configs.kotlin.Validatable","location":"root/validatable/index.html","searchKeys":["Validatable","jetbrains.buildServer.configs.kotlin.Validatable"]},{"name":"VcsLabeling","description":"jetbrains.buildServer.configs.kotlin.buildFeatures.VcsLabeling","location":"buildFeatures/vcs-labeling/index.html","searchKeys":["VcsLabeling","jetbrains.buildServer.configs.kotlin.buildFeatures.VcsLabeling"]},{"name":"VcsRoot","description":"jetbrains.buildServer.configs.kotlin.VcsRoot","location":"root/vcs-root/index.html","searchKeys":["VcsRoot","jetbrains.buildServer.configs.kotlin.VcsRoot"]},{"name":"VcsRootEntry","description":"jetbrains.buildServer.configs.kotlin.VcsRootEntry","location":"root/vcs-root-entry/index.html","searchKeys":["VcsRootEntry","jetbrains.buildServer.configs.kotlin.VcsRootEntry"]},{"name":"VcsRootRefs","description":"jetbrains.buildServer.configs.kotlin.VcsRootRefs","location":"root/vcs-root-refs/index.html","searchKeys":["VcsRootRefs","jetbrains.buildServer.configs.kotlin.VcsRootRefs"]},{"name":"VcsSettings","description":"jetbrains.buildServer.configs.kotlin.VcsSettings","location":"root/vcs-settings/index.html","searchKeys":["VcsSettings","jetbrains.buildServer.configs.kotlin.VcsSettings"]},{"name":"VcsTrigger","description":"jetbrains.buildServer.configs.kotlin.triggers.VcsTrigger","location":"triggers/vcs-trigger/index.html","searchKeys":["VcsTrigger","jetbrains.buildServer.configs.kotlin.triggers.VcsTrigger"]},{"name":"VersionedSettings","description":"jetbrains.buildServer.configs.kotlin.projectFeatures.VersionedSettings","location":"projectFeatures/versioned-settings/index.html","searchKeys":["VersionedSettings","jetbrains.buildServer.configs.kotlin.projectFeatures.VersionedSettings"]},{"name":"XcodeStep","description":"jetbrains.buildServer.configs.kotlin.buildSteps.XcodeStep","location":"buildSteps/xcode-step/index.html","searchKeys":["XcodeStep","jetbrains.buildServer.configs.kotlin.buildSteps.XcodeStep"]},{"name":"XmlReport","description":"jetbrains.buildServer.configs.kotlin.buildFeatures.XmlReport","location":"buildFeatures/xml-report/index.html","searchKeys":["XmlReport","jetbrains.buildServer.configs.kotlin.buildFeatures.XmlReport"]},{"name":"YouTrackIssueTracker","description":"jetbrains.buildServer.configs.kotlin.projectFeatures.YouTrackIssueTracker","location":"projectFeatures/you-track-issue-tracker/index.html","searchKeys":["YouTrackIssueTracker","jetbrains.buildServer.configs.kotlin.projectFeatures.YouTrackIssueTracker"]},{"name":"checkMissingUuids","description":"jetbrains.buildServer.configs.kotlin.checkMissingUuids","location":"root/check-missing-uuids.html","searchKeys":["checkMissingUuids","jetbrains.buildServer.configs.kotlin.checkMissingUuids"]},{"name":"project","description":"jetbrains.buildServer.configs.kotlin.project","location":"root/project.html","searchKeys":["project","jetbrains.buildServer.configs.kotlin.project"]},{"name":"toId","description":"jetbrains.buildServer.configs.kotlin.toId","location":"root/to-id.html","searchKeys":["toId","jetbrains.buildServer.configs.kotlin.toId"]},{"name":"version","description":"jetbrains.buildServer.configs.kotlin.version","location":"root/version.html","searchKeys":["version","jetbrains.buildServer.configs.kotlin.version"]}]